<application>
  <component name="FileTypeManager" version="18">
    <extensionMap>
      <mapping pattern="install" type="AUTO_DETECTED" />
      <mapping pattern="clear_enterprise_program_du" type="AUTO_DETECTED" />
      <mapping ext="local" type="Dockerfile" />
      <mapping pattern="my.patch" type="PATCH" />
      <mapping pattern=".env" type="PLAIN_TEXT" />
      <mapping pattern=".ruby-version" type="PLAIN_TEXT" />
      <mapping ext="key" type="PLAIN_TEXT" />
      <mapping pattern="ps" type="Shell Script" />
      <mapping pattern="bin/setup" type="Shell Script" />
      <mapping pattern="rails-console" type="Shell Script" />
      <mapping pattern="rspec" type="Shell Script" />
      <mapping pattern="logs" type="Shell Script" />
      <mapping pattern="restart" type="Shell Script" />
      <mapping pattern=".env.BAK" type="Shell Script" />
      <mapping pattern="loaddb" type="Shell Script" />
      <mapping pattern="setup" type="Shell Script" />
      <mapping pattern="exec" type="Shell Script" />
      <mapping pattern="*.slim.deface" type="Slim" />
      <mapping pattern="slim" type="Slim" />
      <removed_mapping pattern=".env" approved="true" type=".env file" />
    </extensionMap>
  </component>
</application>