<application>
  <component name="FindSettings">
    <option name="customScope" value="All Places" />
    <option name="defaultScopeName" value="All Places" />
    <option name="SEARCH_SCOPE" value="All Places" />
    <option name="FILE_MASK" value="*.rb" />
    <mask>*.erb</mask>
    <mask>!*.rb</mask>
    <mask>*.html*</mask>
    <mask>*.slim</mask>
    <mask>!*.log</mask>
    <mask>*.ts</mask>
    <mask>*.tsx</mask>
    <mask>!*test.tsx</mask>
    <mask>!*.test.ts*</mask>
    <mask>*.css</mask>
    <mask>*.html</mask>
    <mask>*.xml</mask>
    <mask>*.ru</mask>
    <mask>*.thor</mask>
    <mask>*.jbuilder</mask>
    <mask>*.gemspec</mask>
    <mask>*.rake</mask>
    <mask>*.rbw</mask>
    <mask>*.rb</mask>
  </component>
</application>